{
  "0": {
    "ball": [
      655.8055419921875,
      575.3055419921875
    ],
    "racket": [
      1368.4959716796875,
      714.0831909179688
    ]
  },
  "1": {
    "ball": [
      654.1944580078125,
      573.7222290039062
    ],
    "racket": [
      1371.1243896484375,
      718.4824829101562
    ]
  },
  "2": {
    "ball": [
      654.0833129882812,
      573.5833129882812
    ],
    "racket": [
      1370.8734130859375,
      718.497314453125
    ]
  },
  "3": {
    "ball": [
      652.5277709960938,
      571.888916015625
    ],
    "racket": [
      1374.0908203125,
      719.7401733398438
    ]
  },
  "4": {
    "ball": [
      650.4091186523438,
      569.1363525390625
    ],
    "racket": [
      1380.688720703125,
      723.5841064453125
    ]
  },
  "5": {
    "ball": [
      648.7647094726562,
      566.058837890625
    ],
    "racket": [
      1387.6864013671875,
      728.1434936523438
    ]
  },
  "6": {
    "ball": [
      646.137939453125,
      563.5172119140625
    ],
    "racket": [
      1394.44287109375,
      731.7572631835938
    ]
  },
  "7": {
    "ball": [
      643.5833740234375,
      561.5
    ],
    "racket": [
      1401.0106201171875,
      735.473876953125
    ]
  },
  "8": {
    "ball": [
      642.3636474609375,
      559.5454711914062
    ],
    "racket": [
      1407.968017578125,
      739.1641235351562
    ]
  },
  "9": {
    "ball": [
      645.8235473632812,
      568.6117553710938
    ],
    "racket": [
      1414.7369384765625,
      741.5593872070312
    ]
  },
  "10": {
    "ball": [
      646.0681762695312,
      573.0
    ],
    "racket": [
      1421.00830078125,
      744.77880859375
    ]
  },
  "11": {
    "ball": [
      646.322265625,
      573.0889282226562
    ],
    "racket": [
      1426.6104736328125,
      747.2481079101562
    ]
  },
  "12": {
    "ball": [
      642.137939453125,
      571.3016967773438
    ],
    "racket": [
      1431.696044921875,
      748.6127319335938
    ]
  },
  "13": {
    "ball": [
      645.5,
      573.0
    ],
    "racket": [
      1437.68701171875,
      751.2096557617188
    ]
  },
  "14": {
    "ball": [
      625.857177734375,
      548.357177734375
    ],
    "racket": [
      1443.022216796875,
      752.3015747070312
    ]
  },
  "15": {
    "ball": [
      624.1538696289062,
      547.1923217773438
    ],
    "racket": [
      1447.820068359375,
      753.2315063476562
    ]
  },
  "16": {
    "ball": [
      622.4193115234375,
      546.741943359375
    ],
    "racket": [
      1453.4678955078125,
      754.1839599609375
    ]
  },
  "17": {
    "ball": [
      620.441162109375,
      546.3823852539062
    ],
    "racket": [
      1458.29150390625,
      753.5877075195312
    ]
  },
  "18": {
    "ball": [
      618.0667114257812,
      545.800048828125
    ],
    "racket": [
      1463.2174072265625,
      753.7625732421875
    ]
  },
  "19": {
    "ball": [
      615.3636474609375,
      545.48486328125
    ],
    "racket": [
      1468.4208984375,
      753.4556884765625
    ]
  },
  "20": {
    "ball": [
      611.7879028320312,
      545.0909423828125
    ],
    "racket": [
      1474.248291015625,
      751.9766845703125
    ]
  },
  "21": {
    "ball": [
      609.7333374023438,
      544.8333740234375
    ],
    "racket": [
      1479.982666015625,
      750.2567138671875
    ]
  },
  "22": {
    "ball": [
      607.7857666015625,
      545.0
    ],
    "racket": [
      1485.29052734375,
      747.539794921875
    ]
  },
  "23": {
    "ball": [
      604.7037353515625,
      545.1111450195312
    ],
    "racket": [
      1490.623779296875,
      744.7305297851562
    ]
  },
  "24": {
    "ball": [
      603.0000610351562,
      545.5
    ],
    "racket": [
      1495.516845703125,
      739.7703247070312
    ]
  },
  "25": {
    "ball": [
      600.6666870117188,
      546.0
    ],
    "racket": [
      1500.8961181640625,
      734.8059692382812
    ]
  },
  "26": {
    "ball": [
      597.4074096679688,
      546.9259033203125
    ],
    "racket": [
      1506.1903076171875,
      728.3137817382812
    ]
  },
  "27": {
    "ball": [
      596.0,
      546.8261108398438
    ],
    "racket": [
      1511.75537109375,
      721.4442749023438
    ]
  },
  "28": {
    "ball": [
      595.5,
      548.6000366210938
    ],
    "racket": [
      1515.9041748046875,
      711.861572265625
    ]
  },
  "29": {
    "ball": [
      600.727294921875,
      549.0909423828125
    ],
    "racket": [
      1521.6544189453125,
      703.4865112304688
    ]
  },
  "30": {
    "ball": [
      142.92857360839844,
      640.8095092773438
    ],
    "racket": [
      1525.8282470703125,
      692.1972045898438
    ]
  },
  "31": {
    "ball": [
      126.77706909179688,
      642.5350341796875
    ],
    "racket": [
      1529.4140625,
      679.6340942382812
    ]
  },
  "32": {
    "ball": [
      619.9091186523438,
      572.1212158203125
    ],
    "racket": [
      1533.113037109375,
      666.0291137695312
    ]
  },
  "33": {
    "ball": [
      582.1538696289062,
      558.6154174804688
    ],
    "racket": [
      1535.9549560546875,
      651.1334838867188
    ]
  },
  "34": {
    "ball": [
      578.0800170898438,
      559.7999877929688
    ],
    "racket": [
      1538.568603515625,
      634.439208984375
    ]
  },
  "35": {
    "ball": [
      576.9599609375,
      562.3999633789062
    ],
    "racket": [
      1538.50537109375,
      616.1300048828125
    ]
  },
  "36": {
    "ball": [
      573.75,
      564.4000244140625
    ],
    "racket": [
      1538.4608154296875,
      597.5834350585938
    ]
  },
  "37": {
    "ball": [
      570.4166870117188,
      567.2916870117188
    ],
    "racket": [
      1537.088623046875,
      577.3765869140625
    ]
  },
  "38": {
    "ball": [
      568.888916015625,
      570.5184936523438
    ],
    "racket": [
      1532.5736083984375,
      555.4688720703125
    ]
  },
  "39": {
    "ball": [
      566.1666870117188,
      573.5416870117188
    ],
    "racket": [
      1526.112548828125,
      537.090576171875
    ]
  },
  "40": {
    "ball": [
      563.0,
      577.0869750976562
    ],
    "racket": [
      1514.592041015625,
      513.950439453125
    ]
  },
  "41": {
    "ball": [
      562.0370483398438,
      579.5555419921875
    ],
    "racket": [
      1506.1143798828125,
      491.5915222167969
    ]
  },
  "42": {
    "ball": [
      559.8181762695312,
      583.0
    ],
    "racket": [
      1494.54248046875,
      471.8798828125
    ]
  },
  "43": {
    "ball": [
      556.6842041015625,
      586.26318359375
    ],
    "racket": [
      1477.842529296875,
      451.7420654296875
    ]
  },
  "44": {
    "ball": [
      555.2857055664062,
      590.6190795898438
    ],
    "racket": [
      1461.7064208984375,
      431.7200622558594
    ]
  },
  "45": {
    "ball": [
      552.5499877929688,
      594.8500366210938
    ],
    "racket": [
      1442.90380859375,
      413.9401550292969
    ]
  },
  "46": {
    "ball": [
      549.7083740234375,
      598.9583740234375
    ],
    "racket": [
      1419.8468017578125,
      398.5773010253906
    ]
  },
  "47": {
    "ball": [
      548.0555419921875,
      597.8333129882812
    ],
    "racket": [
      1397.10009765625,
      381.97161865234375
    ]
  },
  "48": {
    "ball": [
      544.0689697265625,
      594.8275756835938
    ],
    "racket": [
      1372.27685546875,
      372.0929260253906
    ]
  },
  "49": {
    "ball": [
      542.5789794921875,
      591.4210815429688
    ],
    "racket": [
      1342.645263671875,
      360.7962341308594
    ]
  },
  "50": {
    "ball": [
      540.2608642578125,
      588.7825927734375
    ],
    "racket": [
      1313.1446533203125,
      356.4932556152344
    ]
  },
  "51": {
    "ball": [
      537.5416870117188,
      586.1666870117188
    ],
    "racket": [
      1280.2965087890625,
      353.119384765625
    ]
  },
  "52": {
    "ball": [
      535.125,
      583.5416870117188
    ],